{
    "loss": 58.06632614135742,
    "accuracy": 0.5439560413360596
}