{
    "loss": 36.12821578979492,
    "accuracy": 0.35164836049079895
}