{
    "loss": 35.26576614379883,
    "accuracy": 0.38461539149284363
}