{
    "loss": 17.537641525268555,
    "accuracy": 0.29120880365371704
}