{
    "loss": 33.49576187133789,
    "accuracy": 0.3186813294887543
}