{
    "loss": 88.2000732421875,
    "accuracy": 0.18681319057941437
}